{
  "metrics": [
    {
      "operation_name": "pb_book_value_calculation",
      "duration": 0.0038437000002886634,
      "duration_ms": 3.8437000002886634,
      "timestamp": 30739.9523875,
      "metadata": {
        "success": true
      }
    },
    {
      "operation_name": "pb_full_analysis",
      "duration": 3.935145499999635,
      "duration_ms": 3935.145499999635,
      "timestamp": 30739.9542171,
      "metadata": {
        "success": true
      }
    }
  ],
  "statistics": {
    "pb_book_value_calculation": {
      "count": 1,
      "total_time": 0.0038437000002886634,
      "avg_time": 0.0038437000002886634,
      "min_time": 0.0038437000002886634,
      "max_time": 0.0038437000002886634,
      "avg_time_ms": 3.8437000002886634
    },
    "pb_full_analysis": {
      "count": 1,
      "total_time": 3.935145499999635,
      "avg_time": 3.935145499999635,
      "min_time": 3.935145499999635,
      "max_time": 3.935145499999635,
      "avg_time_ms": 3935.145499999635
    }
  }
}