{
  "metrics": [
    {
      "operation_name": "pb_book_value_calculation",
      "duration": 0.003020699994522147,
      "duration_ms": 3.020699994522147,
      "timestamp": 92318.7805366,
      "metadata": {
        "success": true
      }
    },
    {
      "operation_name": "pb_full_analysis",
      "duration": 0.014714299992192537,
      "duration_ms": 14.714299992192537,
      "timestamp": 92318.7818767,
      "metadata": {
        "success": true
      }
    }
  ],
  "statistics": {
    "pb_book_value_calculation": {
      "count": 1,
      "total_time": 0.003020699994522147,
      "avg_time": 0.003020699994522147,
      "min_time": 0.003020699994522147,
      "max_time": 0.003020699994522147,
      "avg_time_ms": 3.020699994522147
    },
    "pb_full_analysis": {
      "count": 1,
      "total_time": 0.014714299992192537,
      "avg_time": 0.014714299992192537,
      "min_time": 0.014714299992192537,
      "max_time": 0.014714299992192537,
      "avg_time_ms": 14.714299992192537
    }
  }
}